Root Email,Root Name,MSP Org Name,Root Password,Root New Password,Child Tenant 1 Name,Child Tenant 2 Name
gamedaytest+team001@getmontycloud.com,GameDay MSP 001,NimbusMSP,GamedayTest@001,GamedayTest@001,Unicorn.Rentals,Blume Corporation
gamedaytest+team002@getmontycloud.com,GameDay MSP 002,NimbusMSP,GamedayTest@002,GamedayTest@002,Unicorn.Rentals,Blume Corporation
gamedaytest+team003@getmontycloud.com,GameDay MSP 003,NimbusMSP,GamedayTest@003,GamedayTest@003,Unicorn.Rentals,Blume Corporation
gamedaytest+team004@getmontycloud.com,GameDay MSP 004,NimbusMSP,GamedayTest@004,GamedayTest@004,Unicorn.Rentals,Blume Corporation
gamedaytest+team005@getmontycloud.com,GameDay MSP 005,NimbusMSP,GamedayTest@005,GamedayTest@005,Unicorn.Rentals,Blume Corporation
gamedaytest+team006@getmontycloud.com,GameDay MSP 006,NimbusMSP,GamedayTest@006,GamedayTest@006,Unicorn.Rentals,Blume Corporation
gamedaytest+team007@getmontycloud.com,GameDay MSP 007,NimbusMSP,GamedayTest@007,GamedayTest@007,Unicorn.Rentals,Blume Corporation
gamedaytest+team008@getmontycloud.com,GameDay MSP 008,NimbusMSP,GamedayTest@008,GamedayTest@008,Unicorn.Rentals,Blume Corporation
gamedaytest+team009@getmontycloud.com,GameDay MSP 009,NimbusMSP,GamedayTest@009,GamedayTest@009,Unicorn.Rentals,Blume Corporation
gamedaytest+team010@getmontycloud.com,GameDay MSP 010,NimbusMSP,GamedayTest@010,GamedayTest@010,Unicorn.Rentals,Blume Corporation
gamedaytest+team011@getmontycloud.com,GameDay MSP 011,NimbusMSP,GamedayTest@011,GamedayTest@011,Unicorn.Rentals,Blume Corporation
gamedaytest+team012@getmontycloud.com,GameDay MSP 012,NimbusMSP,GamedayTest@012,GamedayTest@012,Unicorn.Rentals,Blume Corporation
gamedaytest+team013@getmontycloud.com,GameDay MSP 013,NimbusMSP,GamedayTest@013,GamedayTest@013,Unicorn.Rentals,Blume Corporation
gamedaytest+team014@getmontycloud.com,GameDay MSP 014,NimbusMSP,GamedayTest@014,GamedayTest@014,Unicorn.Rentals,Blume Corporation
gamedaytest+team015@getmontycloud.com,GameDay MSP 015,NimbusMSP,GamedayTest@015,GamedayTest@015,Unicorn.Rentals,Blume Corporation
gamedaytest+team016@getmontycloud.com,GameDay MSP 016,NimbusMSP,GamedayTest@016,GamedayTest@016,Unicorn.Rentals,Blume Corporation
gamedaytest+team017@getmontycloud.com,GameDay MSP 017,NimbusMSP,GamedayTest@017,GamedayTest@017,Unicorn.Rentals,Blume Corporation
gamedaytest+team018@getmontycloud.com,GameDay MSP 018,NimbusMSP,GamedayTest@018,GamedayTest@018,Unicorn.Rentals,Blume Corporation
gamedaytest+team019@getmontycloud.com,GameDay MSP 019,NimbusMSP,GamedayTest@019,GamedayTest@019,Unicorn.Rentals,Blume Corporation
gamedaytest+team020@getmontycloud.com,GameDay MSP 020,NimbusMSP,GamedayTest@020,GamedayTest@020,Unicorn.Rentals,Blume Corporation
gamedaytest+team021@getmontycloud.com,GameDay MSP 021,NimbusMSP,GamedayTest@021,GamedayTest@021,Unicorn.Rentals,Blume Corporation
gamedaytest+team022@getmontycloud.com,GameDay MSP 022,NimbusMSP,GamedayTest@022,GamedayTest@022,Unicorn.Rentals,Blume Corporation
gamedaytest+team023@getmontycloud.com,GameDay MSP 023,NimbusMSP,GamedayTest@023,GamedayTest@023,Unicorn.Rentals,Blume Corporation
gamedaytest+team024@getmontycloud.com,GameDay MSP 024,NimbusMSP,GamedayTest@024,GamedayTest@024,Unicorn.Rentals,Blume Corporation
gamedaytest+team025@getmontycloud.com,GameDay MSP 025,NimbusMSP,GamedayTest@025,GamedayTest@025,Unicorn.Rentals,Blume Corporation
gamedaytest+team026@getmontycloud.com,GameDay MSP 026,NimbusMSP,GamedayTest@026,GamedayTest@026,Unicorn.Rentals,Blume Corporation
gamedaytest+team027@getmontycloud.com,GameDay MSP 027,NimbusMSP,GamedayTest@027,GamedayTest@027,Unicorn.Rentals,Blume Corporation
gamedaytest+team028@getmontycloud.com,GameDay MSP 028,NimbusMSP,GamedayTest@028,GamedayTest@028,Unicorn.Rentals,Blume Corporation
gamedaytest+team029@getmontycloud.com,GameDay MSP 029,NimbusMSP,GamedayTest@029,GamedayTest@029,Unicorn.Rentals,Blume Corporation
gamedaytest+team030@getmontycloud.com,GameDay MSP 030,NimbusMSP,GamedayTest@030,GamedayTest@030,Unicorn.Rentals,Blume Corporation
gamedaytest+team031@getmontycloud.com,GameDay MSP 031,NimbusMSP,GamedayTest@031,GamedayTest@031,Unicorn.Rentals,Blume Corporation
gamedaytest+team032@getmontycloud.com,GameDay MSP 032,NimbusMSP,GamedayTest@032,GamedayTest@032,Unicorn.Rentals,Blume Corporation
gamedaytest+team033@getmontycloud.com,GameDay MSP 033,NimbusMSP,GamedayTest@033,GamedayTest@033,Unicorn.Rentals,Blume Corporation
gamedaytest+team034@getmontycloud.com,GameDay MSP 034,NimbusMSP,GamedayTest@034,GamedayTest@034,Unicorn.Rentals,Blume Corporation
gamedaytest+team035@getmontycloud.com,GameDay MSP 035,NimbusMSP,GamedayTest@035,GamedayTest@035,Unicorn.Rentals,Blume Corporation
gamedaytest+team036@getmontycloud.com,GameDay MSP 036,NimbusMSP,GamedayTest@036,GamedayTest@036,Unicorn.Rentals,Blume Corporation
gamedaytest+team037@getmontycloud.com,GameDay MSP 037,NimbusMSP,GamedayTest@037,GamedayTest@037,Unicorn.Rentals,Blume Corporation
gamedaytest+team038@getmontycloud.com,GameDay MSP 038,NimbusMSP,GamedayTest@038,GamedayTest@038,Unicorn.Rentals,Blume Corporation
gamedaytest+team039@getmontycloud.com,GameDay MSP 039,NimbusMSP,GamedayTest@039,GamedayTest@039,Unicorn.Rentals,Blume Corporation
gamedaytest+team040@getmontycloud.com,GameDay MSP 040,NimbusMSP,GamedayTest@040,GamedayTest@040,Unicorn.Rentals,Blume Corporation
gamedaytest+team041@getmontycloud.com,GameDay MSP 041,NimbusMSP,GamedayTest@041,GamedayTest@041,Unicorn.Rentals,Blume Corporation
gamedaytest+team042@getmontycloud.com,GameDay MSP 042,NimbusMSP,GamedayTest@042,GamedayTest@042,Unicorn.Rentals,Blume Corporation
gamedaytest+team043@getmontycloud.com,GameDay MSP 043,NimbusMSP,GamedayTest@043,GamedayTest@043,Unicorn.Rentals,Blume Corporation
gamedaytest+team044@getmontycloud.com,GameDay MSP 044,NimbusMSP,GamedayTest@044,GamedayTest@044,Unicorn.Rentals,Blume Corporation
gamedaytest+team045@getmontycloud.com,GameDay MSP 045,NimbusMSP,GamedayTest@045,GamedayTest@045,Unicorn.Rentals,Blume Corporation
gamedaytest+team046@getmontycloud.com,GameDay MSP 046,NimbusMSP,GamedayTest@046,GamedayTest@046,Unicorn.Rentals,Blume Corporation
gamedaytest+team047@getmontycloud.com,GameDay MSP 047,NimbusMSP,GamedayTest@047,GamedayTest@047,Unicorn.Rentals,Blume Corporation
gamedaytest+team048@getmontycloud.com,GameDay MSP 048,NimbusMSP,GamedayTest@048,GamedayTest@048,Unicorn.Rentals,Blume Corporation
gamedaytest+team049@getmontycloud.com,GameDay MSP 049,NimbusMSP,GamedayTest@049,GamedayTest@049,Unicorn.Rentals,Blume Corporation
gamedaytest+team050@getmontycloud.com,GameDay MSP 050,NimbusMSP,GamedayTest@050,GamedayTest@050,Unicorn.Rentals,Blume Corporation
